[
  {
    "name": "Azurite",
    "description": "Some gems have hidden qualities beyond their luster, beyond their shine... Azurite is one of those gems.",
    "shine": 8,
    "price": 110.50,
    "rarity": 7,
    "color": "#CCC",
    "faces": 14,
    "images": [
      "images/azurite1.jpeg",
      "images/azurite2.jpeg",
      "images/azurite3.jpeg"
    ],
    "reviews": [{
          "stars": 3,
          "body": "This gem is pretty okay but it could honestly use more shine.",
          "author": "bruce@wayne.org",
          "createdOn": 1399490980837
        }, {
          "stars": 4,
          "body": "This one, I like!",
          "author": "batman@exemple.org",
          "createdOn": 1399999980837
        }]
  },
  {
    "name": "Bloodstone",
    "description": "Origin of the Bloodstone is unknown, hence its low value. It has a very high shine and 12 sides, however.",
    "shine": 9,
    "price": 22.90,
    "rarity": 6,
    "color": "#EEE",
    "faces": 12,
    "images": [
      "images/bloodstone1.jpeg",
      "images/bloodstone2.jpeg",
      "images/bloodstone3.jpeg"
    ],
    "reviews": []
  },
  {
    "name": "Zircon",
    "description": "Zircon is our most coveted and sought after gem. You will pay much to be the proud owner of this gorgeous and high shine gem.",
    "shine": 70,
    "price": 1100,
    "rarity": 2,
    "color": "#000",
    "faces": 6,
    "images": [
      "images/zircon1.jpeg",
      "images/zircon2.jpeg",
      "images/zircon3.jpeg"
    ],
    "reviews": [{
          "stars": 5,
          "body": "Loved it. This one will make a pretty woman very happy",
          "author": "fanfan@latulipe.fr",
          "createdOn": 1399896980837
        }, {
          "stars": 2,
          "body": "Too expensive, don't waste your roupies",
          "author": "rasalghul@evil.com",
          "createdOn": 1399999980837
        }]
  }
]

